"BROKEN","EPIC","FAILED","FEATURE","PASSED","SKIPPED","STORY","UNKNOWN"
"0","","0","Manage the product CSV lifecycle","35","0","","0"
"0","","0","Export User Details (Report CSV)","6","0","","0"
"0","","0","Access and authorization to RDB","7","0","","0"
"0","","0","Accept RDB notification payloads at the email service","3","0","","0"
"0","","0","Consult products, batches and producers in the RDB registry","17","0","","0"
"0","","6","Onboarding Bonus Elettrodomestici","4","0","","0"
"0","","0","Change product status with role checks and atomic updates","12","0","","0"
"0","","0","Reward batches for Bonus Elettrodomestici and Refund Approval Process","7","0","","0"
"0","","0","Manage producer associations and operational email","11","0","","0"
"0","","0","Accept the current version of the RDB terms and conditions","4","0","","0"
"0","","0","Merchant onboards an initiative","3","0","","0"
"0","","1","Reward batches for Bonus Elettrodomestici barcode payments","5","0","","0"
"0","","0","Export Transactions (Report CSV)","9","0","","0"
"0","","0","Preserve RDB processing when the operational email is missing","2","0","","0"
"0","","0","List the initiatives available to an RDB organization","5","0","","0"
"0","","0","Barcode payments for Bonus Elettrodomestici","8","0","","0"
"0","","0","Merchant login through Self-Care","1","0","","0"
